,phrase,label,sentiment,subjectivity,language,count
Israël,Israël,LOC,0.09665740740740744,0.15982380952380953,fr,45
Jamaïque,Jamaïque,LOC,0.10300846560846563,0.556924603174603,fr,45
Vatican,Vatican,LOC,0.1446185824409509,0.21976261676919567,fr,38
Antarctique,Antarctique,LOC,0.06684965896172793,0.18476916761399523,fr,29
Cisjordanie,Cisjordanie,LOC,0.08717585630743524,0.1367669172932331,fr,19
Gaza,Gaza,LOC,0.07230335097001764,0.15930555555555553,fr,18
Haïti,Haïti,LOC,-0.02304991087344029,0.1718761140819965,fr,17
Paris,Paris,LOC,0.13686989795918367,0.7656930272108843,fr,14
France,France,LOC,0.031400826446281,0.2220959595959596,fr,11
Jérusalem,Jérusalem,LOC,0.011723544973544974,0.11817989417989419,fr,9
Verdun,Verdun,LOC,-0.065375,0.22562500000000005,fr,8
DIRECT,DIRECT,LOC,0.060115575396825396,0.1553422619047619,fr,8
Caraïbes,Caraïbes,LOC,0.012083333333333317,0.20729166666666665,fr,8
la France,la France,LOC,0.05397186147186147,0.2300595238095238,fr,7
Gaza ,Gaza ,LOC,0.08251360544217687,0.16414965986394559,fr,7
Cuba,Cuba,LOC,0.24278911564625846,0.35986394557823126,fr,7
Palestine,Palestine,LOC,0.15663265306122448,0.1451530612244898,fr,7
Suède,Suède,LOC,0.19154761904761905,0.24967261904761906,fr,6
Italie,Italie,LOC,0.11272970085470085,0.16258012820512818,fr,6
Soudan,Soudan,LOC,-0.10893333333333335,0.29133333333333333,fr,5
Espagne,Espagne,LOC,0.021509090909090908,0.11136363636363636,fr,5
Martinique,Martinique,LOC,0.12321428571428572,0.1973214285714286,fr,4
Vancouver,Vancouver,LOC,0.07666666666666667,0.20833333333333334,fr,4
Brésil,Brésil,LOC,0.23729166666666668,0.17916666666666664,fr,4
Français,Français,LOC,0.028019480519480527,0.2492288961038961,fr,4
Etat hébreu,Etat hébreu,LOC,0.07775892857142858,0.12776785714285716,fr,4
Beyrouth,Beyrouth,LOC,0.18785714285714283,0.15059523809523812,fr,4
Turquie,Turquie,LOC,0.011964285714285705,0.2011904761904762,fr,4
Caraïbe,Caraïbe,LOC,0.25,0.25250000000000006,fr,4
République dominicaine,République dominicaine,LOC,0.03249999999999999,0.265,fr,4
Belem,Belem,LOC,0.2275,0.0875,fr,4
COP30,COP30,LOC,0.24708333333333332,0.2708333333333333,fr,4
Rome,Rome,LOC,0.270625,0.4525,fr,4
Istanbul,Istanbul,LOC,-0.1416666666666667,0.28611111111111115,fr,3
Allemagne,Allemagne,LOC,0.22444444444444445,0.23833333333333337,fr,3
Port-au-Prince,Port-au-Prince,LOC,0.046444444444444455,0.12888888888888891,fr,3
La France,La France,LOC,0.04922619047619048,0.4401785714285715,fr,3
Russie,Russie,LOC,0.07361111111111111,0.15138888888888888,fr,3
Rouen,Rouen,LOC,0.17577777777777773,0.1366666666666667,fr,3
Mont Saint,Mont Saint,LOC,0.28875,0.2625,fr,3
État,État,LOC,0.17333333333333334,0.1111111111111111,fr,3
Liban,Liban,LOC,0.09303571428571428,0.1529761904761905,fr,3
de France,de France,LOC,0.14696296296296296,0.22029629629629632,fr,3
Atlantique,Atlantique,LOC,0.23591666666666666,0.25708333333333333,fr,3
Stegra,Stegra,LOC,0.17714285714285713,0.20714285714285716,fr,3
Silicon Valley,Silicon Valley,LOC,0.045000000000000005,0.10000000000000002,fr,3
Venezuela,Venezuela,LOC,0.0075,0.10000000000000002,fr,3
Bermudes,Bermudes,LOC,0.10833333333333334,0.22083333333333333,fr,3
Guadeloupe,Guadeloupe,LOC,0.12428571428571429,0.1714285714285714,fr,3
Bahamas,Bahamas,LOC,0.016666666666666666,0.19666666666666666,fr,2
Britannique,Britannique,LOC,0.07666666666666667,0.20833333333333334,fr,2
Hauts-de-Seine,Hauts-de-Seine,LOC,0.13999999999999999,0.10000000000000002,fr,2
Corée du Sud,Corée du Sud,LOC,0.005000000000000002,0.15,fr,2
Amazonie,Amazonie,LOC,0.18708333333333332,0.07708333333333334,fr,2
Colombie,Colombie,LOC,0.07666666666666667,0.20833333333333334,fr,2
Oleron,Oleron,LOC,-0.18000000000000002,-0.20000000000000004,fr,2
Mexique,Mexique,LOC,-0.1,0.05,fr,2
Canada,Canada,LOC,0.07666666666666667,0.20833333333333334,fr,2
Etats,Etats,LOC,0.073125,0.12375,fr,2
Iran,Iran,LOC,-0.021875000000000002,0.11875,fr,2
Bruxelles,Bruxelles,LOC,0.10461538461538462,0.21703296703296704,fr,2
Pékin,Pékin,LOC,0.11923076923076924,0.2269230769230769,fr,2
mer des Caraïbes,mer des Caraïbes,LOC,-0.175,0.2,fr,2
Tsedek,Tsedek,LOC,0.26666666666666666,0.16666666666666666,fr,2
La Chine,La Chine,LOC,0.09999999999999999,0.14500000000000002,fr,2
Irlande,Irlande,LOC,0.04285714285714286,0.22285714285714286,fr,2
Ukraine,Ukraine,LOC,0.021875000000000002,0.12687500000000002,fr,2
Angleterre,Angleterre,LOC,0.0,0.085,fr,2
Tenerife,Tenerife,LOC,-0.03454545454545455,0.1909090909090909,fr,2
Kiev,Kiev,LOC,0.0,0.085,fr,2
Papouasie,Papouasie,LOC,0.10555555555555557,0.2277777777777778,fr,2
État de Palestine,État de Palestine,LOC,0.1,0.25,fr,2
chapelle Sixtine,chapelle Sixtine,LOC,0.21250000000000002,0.14625000000000002,fr,2
Hollywood,Hollywood,LOC,0.42633928571428575,0.33392857142857146,fr,2
Amérique,Amérique,LOC,0.17222222222222222,0.11666666666666667,fr,2
Dozulé,Dozulé,LOC,0.12111111111111111,0.2694444444444445,fr,2
Nouvelle,Nouvelle,LOC,0.12677777777777777,0.1938888888888889,fr,2
Calvados,Calvados,LOC,0.12111111111111111,0.2694444444444445,fr,2
évêque de Cadix,évêque de Cadix,LOC,-0.015,-0.035,fr,2
Polynésie française,Polynésie française,LOC,0.0755,0.13,fr,2
Grand Palais,Grand Palais,LOC,0.17714285714285713,5.142857142857143,fr,2
Caracas,Caracas,LOC,0.0075,0.1,fr,2
Belges,Belges,LOC,0.2625,0.325,fr,2
Cest,Cest,LOC,0.12722222222222224,0.058333333333333334,fr,2
Havre,Havre,LOC,0.175,0.0875,fr,2
Hektoria Glacier,Hektoria Glacier,LOC,-0.02571428571428572,0.2857142857142857,fr,2
Suresnes,Suresnes,LOC,0.13999999999999999,0.10000000000000002,fr,2
Etat,Etat,LOC,0.24000000000000005,0.12,fr,2
Allan,Allan,LOC,0.17841666666666667,0.1704166666666667,fr,2
Vance,Vance,LOC,0.16399999999999998,0.12,fr,2
Meuse,Meuse,LOC,0.061000000000000006,0.115,fr,2
Washington,Washington,LOC,0.025416666666666667,0.17916666666666667,fr,2
République,République,LOC,0.10571428571428573,0.3571428571428572,fr,2
Normandie,Normandie,LOC,0.028680555555555542,0.4378472222222222,fr,2
Allan Hills,Allan Hills,LOC,0.325,0.18,fr,2
Sahel,Sahel,LOC,0.035,0.0875,fr,2
Europe,Europe,LOC,0.025625000000000005,0.19479166666666664,fr,2
Palais Royal,Palais Royal,LOC,0.17375,0.19375000000000003,fr,2
cathédrale Notre,cathédrale Notre,LOC,0.062,0.02,fr,1
Monde »,Monde »,LOC,0.10833333333333332,0.11666666666666668,fr,1
Wallis-et-Futuna,Wallis-et-Futuna,LOC,0.148,0.16,fr,1
Monaco,Monaco,LOC,0.148,0.16,fr,1
Luxembourg,Luxembourg,LOC,0.148,0.16,fr,1
Suisse,Suisse,LOC,0.148,0.16,fr,1
Calédonie,Calédonie,LOC,0.148,0.16,fr,1
Saint,Saint,LOC,-0.18000000000000002,-0.20000000000000004,fr,1
Rotterdam,Rotterdam,LOC,0.31000000000000005,0.35,fr,1
Lex,Lex,LOC,0.062,0.02,fr,1
Terres australes et antarctiques,Terres australes et antarctiques,LOC,0.148,0.16,fr,1
île d'Oléron,île d'Oléron,LOC,-0.18000000000000002,-0.20000000000000004,fr,1
Oléron,Oléron,LOC,-0.18000000000000002,-0.20000000000000004,fr,1
Maritime,Maritime,LOC,-0.18000000000000002,-0.20000000000000004,fr,1
Soudan ,Soudan ,LOC,-0.15,0.29000000000000004,fr,1
Planète !,Planète !,LOC,0.04875000000000001,0.21458333333333335,fr,1
El,El,LOC,-0.15,0.29000000000000004,fr,1
Israéliens,Israéliens,LOC,0.10833333333333332,0.11666666666666668,fr,1
Charente,Charente,LOC,-0.18000000000000002,-0.20000000000000004,fr,1
Darfour,Darfour,LOC,-0.15,0.29000000000000004,fr,1
Mexico Les Etats,Mexico Les Etats,LOC,-0.1,0.05,fr,1
musée-mémorial du Terrorisme,musée-mémorial du Terrorisme,LOC,0.13999999999999999,0.10000000000000002,fr,1
lÉtat de Palestine,lÉtat de Palestine,LOC,0.1,0.25,fr,1
Canaries,Canaries,LOC,-0.03454545454545455,0.1909090909090909,fr,1
Los Angeles,Los Angeles,LOC,-0.056666666666666664,0.31666666666666665,fr,1
Européens,Européens,LOC,0.051250000000000004,0.10625,fr,1
Vieux Continent,Vieux Continent,LOC,0.051250000000000004,0.10625,fr,1
Getafe,Getafe,LOC,-0.015,-0.035,fr,1
Madrid,Madrid,LOC,-0.015,-0.035,fr,1
Élysée,Élysée,LOC,0.1,0.25,fr,1
"l'""Année sainte","l'""Année sainte",LOC,0.40125000000000005,0.325,fr,1
Transalpins,Transalpins,LOC,0.03846153846153846,0.1692307692307692,fr,1
Londres,Londres,LOC,9.25185853854297e-18,0.28333333333333327,fr,1
Belém,Belém,LOC,0.3475,0.475,fr,1
COP30 souvre,COP30 souvre,LOC,0.3475,0.475,fr,1
Annee sainte,Annee sainte,LOC,0.24272727272727276,0.4090909090909091,fr,1
Wall Street,Wall Street,LOC,0.11000000000000001,0.2,fr,1
archevêque de Malines,archevêque de Malines,LOC,0.09000000000000001,0.20714285714285716,fr,1
Eglise,Eglise,LOC,0.09000000000000001,0.20714285714285716,fr,1
mont Herzl,mont Herzl,LOC,-0.045,0.186,fr,1
Italiens,Italiens,LOC,0.03846153846153846,0.1692307692307692,fr,1
Croix,Croix,LOC,0.19999999999999998,0.26666666666666666,fr,1
l’Onu,l’Onu,LOC,0.04,0.05,fr,1
Chine,Chine,LOC,0.11923076923076924,0.2269230769230769,fr,1
Hongrie,Hongrie,LOC,0.27,0.16,fr,1
cur »,cur »,LOC,-0.2416666666666667,0.34166666666666673,fr,1
Entretien,Entretien,LOC,0.26666666666666666,0.16666666666666666,fr,1
Israël ,Israël ,LOC,0.146,0.1,fr,1
États,États,LOC,0.146,0.1,fr,1
Bourget,Bourget,LOC,0.146,0.1,fr,1
Facher,Facher,LOC,0.025333333333333326,0.20666666666666667,fr,1
Tel Aviv,Tel Aviv,LOC,0.11166666666666668,0.15,fr,1
Liban ,Liban ,LOC,0.05625,0.1875,fr,1
Sabines ,Sabines ,LOC,0.148,0.16,fr,1
Téhéran,Téhéran,LOC,-0.1,0.05,fr,1
Rainbow Warrior,Rainbow Warrior,LOC,0.2275,0.0875,fr,1
Pará,Pará,LOC,0.2275,0.0875,fr,1
Terre,Terre,LOC,0.14515384615384616,0.17653846153846156,fr,1
Oslo,Oslo,LOC,0.11166666666666668,0.15,fr,1
David,David,LOC,0.148,0.16,fr,1
Habitations,Habitations,LOC,0.12499999999999999,0.0625,fr,1
Indonésie,Indonésie,LOC,0.024999999999999994,0.23333333333333336,fr,1
Philippines,Philippines,LOC,-0.11399999999999999,0.12000000000000002,fr,1
La Bretagne,La Bretagne,LOC,-0.06375000000000003,0.60625,fr,1
Corse,Corse,LOC,-0.06375000000000003,0.60625,fr,1
Météo,Météo,LOC,-0.06375000000000003,0.60625,fr,1
Église anglicane,Église anglicane,LOC,0.2783333333333333,0.18333333333333335,fr,1
Hexagone,Hexagone,LOC,0.061111111111111116,0.13333333333333333,fr,1
San Francisco,San Francisco,LOC,0.16399999999999998,0.12,fr,1
Ladministration,Ladministration,LOC,0.16399999999999998,0.12,fr,1
Amériques,Amériques,LOC,0.12666666666666668,0.13333333333333333,fr,1
Lola,Lola,LOC,0.0,0.085,fr,1
Kingsto,Kingsto,LOC,-0.11399999999999999,0.12000000000000002,fr,1
Sud,Sud,LOC,0.113125,0.14,fr,1
Japon,Japon,LOC,0.005000000000000002,0.15,fr,1
l'Asie du Nord,l'Asie du Nord,LOC,0.005000000000000002,0.15,fr,1
le Japon,le Japon,LOC,0.005000000000000002,0.15,fr,1
basilique vaticane,basilique vaticane,LOC,0.146,0.08,fr,1
Café L’Or,Café L’Or,LOC,0.12,0.27499999999999997,fr,1
Le Havre,Le Havre,LOC,0.12,0.27499999999999997,fr,1
Port-la-Forêt,Port-la-Forêt,LOC,0.12,0.27499999999999997,fr,1
Finistère,Finistère,LOC,0.12,0.27499999999999997,fr,1
Hispaniola,Hispaniola,LOC,0.019999999999999973,0.5,fr,1
Zinder,Zinder,LOC,0.035,0.0875,fr,1
Bamako,Bamako,LOC,0.035,0.0875,fr,1
Cour suprême,Cour suprême,LOC,0.11914285714285712,0.3228571428571429,fr,1
Eglise -anglicane- d'Angleterre,Eglise -anglicane- d'Angleterre,LOC,0.1622222222222222,0.2111111111111111,fr,1
palais romain du Quirinal,palais romain du Quirinal,LOC,0.17333333333333334,0.1111111111111111,fr,1
Virginia Contreras ,Virginia Contreras ,LOC,0.0075,0.1,fr,1
le Pentagone,le Pentagone,LOC,0.0075,0.1,fr,1
New York,New York,LOC,0.08714285714285715,0.14285714285714285,fr,1
TRIBALLEAU,TRIBALLEAU,LOC,0.08714285714285715,0.14285714285714285,fr,1
Polynésie,Polynésie,LOC,0.002999999999999997,0.1,fr,1
Terres australes et antarctiques françaises,Terres australes et antarctiques françaises,LOC,0.002999999999999997,0.1,fr,1
Thaïlande,Thaïlande,LOC,0.09333333333333332,0.3,fr,1
Toussai,Toussai,LOC,0.09333333333333332,0.3,fr,1
Stockholm,Stockholm,LOC,0.13499999999999998,0.21687500000000004,fr,1
Guinée,Guinée,LOC,0.10555555555555557,0.2277777777777778,fr,1
Kalandia,Kalandia,LOC,-0.03428571428571429,0.04142857142857143,fr,1
Nantes,Nantes,LOC,-0.05909090909090908,0.18636363636363634,fr,1
Costa Rica,Costa Rica,LOC,0.17222222222222222,0.11666666666666667,fr,1
Pérou,Pérou,LOC,0.17222222222222222,0.11666666666666667,fr,1
Buenos Aires,Buenos Aires,LOC,0.17222222222222222,0.11666666666666667,fr,1
anglicane,anglicane,LOC,0.195,0.08,fr,1
quen,quen,LOC,0.2562857142857143,0.07285714285714286,fr,1
aéroport militaire de Ciampino,aéroport militaire de Ciampino,LOC,0.1622222222222222,0.2111111111111111,fr,1
Cap,Cap,LOC,0.113125,0.14,fr,1
Retraites,Retraites,LOC,0.07166666666666667,0.16666666666666666,fr,1
Pakistan,Pakistan,LOC,0.024999999999999994,0.23333333333333336,fr,1
soleil,soleil,LOC,0.28875,0.2625,fr,1
comté de Cork,comté de Cork,LOC,0.04285714285714286,0.22285714285714286,fr,1
port de Cobh,port de Cobh,LOC,0.04285714285714286,0.22285714285714286,fr,1
AP,AP,LOC,0.043750000000000004,0.16875,fr,1
Cologne,Cologne,LOC,0.17733333333333332,0.23500000000000001,fr,1
Ulm,Ulm,LOC,0.17733333333333332,0.23500000000000001,fr,1
Barcelone,Barcelone,LOC,0.17733333333333332,0.23500000000000001,fr,1
basilique espagn,basilique espagn,LOC,0.17733333333333332,0.23500000000000001,fr,1
Cha,Cha,LOC,0.010833333333333334,0.30833333333333335,fr,1
Celles,Celles,LOC,0.28875,0.2625,fr,1
France 3 Normandie,France 3 Normandie,LOC,0.28875,0.2625,fr,1
Jamaïque ,Jamaïque ,LOC,-0.056666666666666664,0.3333333333333333,fr,1
Affaires étrangères de pays musulmans,Affaires étrangères de pays musulmans,LOC,-0.2,0.3,fr,1
CA,CA,LOC,0.23500000000000001,3.141666666666666,fr,1
Camalo,Camalo,LOC,0.23500000000000001,3.141666666666666,fr,1
ministère des Affaires étrangères de la Turquie,ministère des Affaires étrangères de la Turquie,LOC,-0.25,0.325,fr,1
Montagne,Montagne,LOC,0.06666666666666667,0.3666666666666667,fr,1
Arabie saoudite,Arabie saoudite,LOC,0.024999999999999994,0.23333333333333336,fr,1
Qatar,Qatar,LOC,0.024999999999999994,0.23333333333333336,fr,1
Emirats arabes unis,Emirats arabes unis,LOC,0.024999999999999994,0.23333333333333336,fr,1
Jordanie,Jordanie,LOC,0.024999999999999994,0.23333333333333336,fr,1
Cork,Cork,LOC,0.04285714285714286,0.22285714285714286,fr,1
Haït,Haït,LOC,-0.175,0.2,fr,1
kibboutz Beeri,kibboutz Beeri,LOC,-0.05833333333333333,0.15,fr,1
Saône,Saône,LOC,-0.1125,0.225,fr,1
Centre,Centre,LOC,0.09,0.06000000000000001,fr,1
Emmanuel,Emmanuel,LOC,0.3466666666666667,0.4466666666666666,fr,1
Dijon,Dijon,LOC,0.3466666666666667,0.4466666666666666,fr,1
Fréjus,Fréjus,LOC,0.3466666666666667,0.4466666666666666,fr,1
Toulon,Toulon,LOC,0.3466666666666667,0.4466666666666666,fr,1
Bayonne,Bayonne,LOC,0.3466666666666667,0.4466666666666666,fr,1
Islande ,Islande ,LOC,0.045,0.24,fr,1
Islande,Islande,LOC,0.045,0.24,fr,1
Norvège,Norvège,LOC,0.045,0.24,fr,1
finde,finde,LOC,-0.15000000000000002,0.325,fr,1
Palestinienne,Palestinienne,LOC,-0.15125,0.16249999999999998,fr,1
Petites Antilles,Petites Antilles,LOC,0.1242857142857143,0.17142857142857143,fr,1
Croix-Rouge,Croix-Rouge,LOC,0.34275,0.41374999999999995,fr,1
Loire,Loire,LOC,0.4,0.8,fr,1
péninsule Antarctique,péninsule Antarctique,LOC,-0.025000000000000005,0.15,fr,1
Sainte,Sainte,LOC,0.2514285714285714,0.28285714285714286,fr,1
Croatie,Croatie,LOC,-0.1125,0.225,fr,1
Vesoul,Vesoul,LOC,-0.1125,0.225,fr,1
Haute,Haute,LOC,-0.1125,0.225,fr,1
Antarctique ,Antarctique ,LOC,0.158,0.11000000000000001,fr,1
