,phrase,label,sentiment,subjectivity,language,count,topicColor,keywordColor,continent,gnd,geonames,latitude,longitude,geotype,country,ipcc
Gaza,Gaza,LOC,0.05566745074098015,0.13174244056596995,fr,51,#5998ec,#5998ec,EUROPE-AFRICA,4092680-1,281133,31.50161,34.46672,P,Palestinian Territory,MED
Cisjordanie,Cisjordanie,LOC,0.08202463624338624,0.14145089285714288,fr,24,#5b97ec,#5b97ec,EUROPE-AFRICA,None,282615,32.22111,35.25444,P,Palestinian Territory,MED
Caraïbes,Caraïbes,LOC,0.030328320802005006,0.30813909774436093,fr,19,#3ee93a,#3ee93a,CENTRAL-AMERICA,None,11571757,16.24116,-61.319,L,Guadeloupe,CAR
Gaza ,Gaza ,LOC,0.07529251700680273,0.15189625850340135,fr,14,,,,,,,,,,
DIRECT,DIRECT,LOC,0.06692579365079365,0.14427380952380955,fr,10,#7acaf0,#7acaf0,EUROPE,None,3055234,47.60037,19.04255,P,Hungary,WCE
Europe,Europe,LOC,0.08178990453990456,0.22535741110741114,fr,9,,,,,,,,,,
Astana,Astana,LOC,0.06628835978835979,0.13164021164021167,fr,9,,,,,,,,,,
Verdun,Verdun,LOC,-0.065375,0.22562500000000005,fr,8,,,,,,,,,,
Palestine,Palestine,LOC,0.15663265306122448,0.1451530612244898,fr,7,,,,,,,,,,
COP30,COP30,LOC,0.19665555555555556,0.2343888888888889,fr,6,,,,,,,,,,
Asie centrale,Asie centrale,LOC,0.12739047619047622,0.15444444444444444,fr,5,,,,,,,,,,
Atlantique,Atlantique,LOC,0.35455000000000003,0.37025,fr,5,,,,,,,,,,
Etat,Etat,LOC,0.16000000000000003,0.11,fr,4,,,,,,,,,,
Caraïbe,Caraïbe,LOC,0.25,0.25250000000000006,fr,4,,,,,,,,,,
Vancouver,Vancouver,LOC,0.07666666666666667,0.20833333333333334,fr,4,,,,,,,,,,
Almaty,Almaty,LOC,-0.029499999999999985,0.345,fr,4,,,,,,,,,,
Onana,Onana,LOC,0.1265,0.11416666666666665,fr,4,,,,,,,,,,
Belem,Belem,LOC,0.2275,0.0875,fr,4,,,,,,,,,,
Etat hébreu,Etat hébreu,LOC,0.07775892857142858,0.12776785714285716,fr,4,,,,,,,,,,
Cest,Cest,LOC,0.1700529100529101,0.09126984126984128,fr,3,,,,,,,,,,
Rouen,Rouen,LOC,0.17577777777777773,0.1366666666666667,fr,3,,,,,,,,,,
Arabie saoudite,Arabie saoudite,LOC,0.0655,0.20638888888888893,fr,3,,,,,,,,,,
Amérique,Amérique,LOC,0.035925925925925924,0.13333333333333333,fr,3,,,,,,,,,,
Mont Saint,Mont Saint,LOC,0.28875,0.2625,fr,3,,,,,,,,,,
Etats,Etats,LOC,0.010416666666666664,0.09666666666666668,fr,3,,,,,,,,,,
Silicon Valley,Silicon Valley,LOC,0.045000000000000005,0.10000000000000002,fr,3,,,,,,,,,,
Istanbul,Istanbul,LOC,-0.1416666666666667,0.28611111111111115,fr,3,,,,,,,,,,
Centre,Centre,LOC,0.027424242424242424,0.1521969696969697,fr,3,,,,,,,,,,
Stegra,Stegra,LOC,0.17714285714285713,0.20714285714285716,fr,3,,,,,,,,,,
Croix-Rouge,Croix-Rouge,LOC,0.17758333333333334,0.4679166666666667,fr,3,,,,,,,,,,
U.S.,U.S.,LOC,0.07,0.445,fr,3,,,,,,,,,,
Calvados,Calvados,LOC,0.12111111111111111,0.2694444444444445,fr,2,,,,,,,,,,
Hollywood,Hollywood,LOC,0.42633928571428575,0.33392857142857146,fr,2,,,,,,,,,,
Angleterre,Angleterre,LOC,0.0,0.085,fr,2,,,,,,,,,,
Kiev,Kiev,LOC,0.0,0.085,fr,2,,,,,,,,,,
Grand Palais,Grand Palais,LOC,0.17714285714285713,5.142857142857143,fr,2,,,,,,,,,,
mer des Caraïbes,mer des Caraïbes,LOC,-0.175,0.2,fr,2,,,,,,,,,,
Palais Royal,Palais Royal,LOC,0.17375,0.19375000000000003,fr,2,,,,,,,,,,
évêque de Cadix,évêque de Cadix,LOC,-0.015,-0.035,fr,2,,,,,,,,,,
Vance,Vance,LOC,0.16399999999999998,0.12,fr,2,,,,,,,,,,
Cosaques,Cosaques,LOC,0.1,0.6,fr,2,,,,,,,,,,
Bruges,Bruges,LOC,0.1,0.6,fr,2,,,,,,,,,,
Pacifique,Pacifique,LOC,-0.10200000000000001,0.36,fr,2,,,,,,,,,,
Strasbourg,Strasbourg,LOC,0.2583333333333333,0.24374999999999997,fr,2,,,,,,,,,,
Palestinienne,Palestinienne,LOC,-0.041458333333333326,0.18125000000000002,fr,2,,,,,,,,,,
Dozulé,Dozulé,LOC,0.12111111111111111,0.2694444444444445,fr,2,,,,,,,,,,
Eurasie,Eurasie,LOC,0.03,0.18571428571428575,fr,2,,,,,,,,,,
île Christmas,île Christmas,LOC,0.054000000000000006,0.16,fr,2,,,,,,,,,,
Ketelaere,Ketelaere,LOC,0.047,0.06000000000000001,fr,2,,,,,,,,,,
Sclessin,Sclessin,LOC,0.08133333333333333,0.14416666666666667,fr,2,,,,,,,,,,
Normandie,Normandie,LOC,0.028680555555555542,0.4378472222222222,fr,2,,,,,,,,,,
Belges,Belges,LOC,0.2625,0.325,fr,2,,,,,,,,,,
Qassam,Qassam,LOC,0.017000000000000005,0.12624999999999997,fr,2,,,,,,,,,,
Oleron,Oleron,LOC,-0.18000000000000002,-0.20000000000000004,fr,2,,,,,,,,,,
Meuse,Meuse,LOC,0.061000000000000006,0.115,fr,2,,,,,,,,,,
Suresnes,Suresnes,LOC,0.13999999999999999,0.10000000000000002,fr,2,,,,,,,,,,
Allan,Allan,LOC,0.17841666666666667,0.1704166666666667,fr,2,,,,,,,,,,
Hauts-de-Seine,Hauts-de-Seine,LOC,0.13999999999999999,0.10000000000000002,fr,2,,,,,,,,,,
Allan Hills,Allan Hills,LOC,0.325,0.18,fr,2,,,,,,,,,,
Hektoria Glacier,Hektoria Glacier,LOC,-0.02571428571428572,0.2857142857142857,fr,2,,,,,,,,,,
Britannique,Britannique,LOC,0.07666666666666667,0.20833333333333334,fr,2,,,,,,,,,,
Tenerife,Tenerife,LOC,-0.03454545454545455,0.1909090909090909,fr,2,,,,,,,,,,
Havre,Havre,LOC,0.175,0.0875,fr,2,,,,,,,,,,
Maison Blanche,Maison Blanche,LOC,0.06404761904761905,0.07619047619047618,fr,2,,,,,,,,,,
Russe,Russe,LOC,-0.15899999999999997,0.09,fr,2,,,,,,,,,,
Hacer Puente,Hacer Puente,LOC,0.030000000000000002,0.03333333333333333,fr,2,,,,,,,,,,
Tsedek,Tsedek,LOC,0.26666666666666666,0.16666666666666666,fr,2,,,,,,,,,,
Pokrovsk,Pokrovsk,LOC,0.012259615384615386,0.14829326923076924,fr,2,,,,,,,,,,
Bruxelloise,Bruxelloise,LOC,0.030000000000000002,0.03333333333333333,fr,2,,,,,,,,,,
Elysée,Elysée,LOC,0.048,0.0325,fr,2,,,,,,,,,,
chapelle Sixtine,chapelle Sixtine,LOC,0.21250000000000002,0.14625000000000002,fr,2,,,,,,,,,,
État de Palestine,État de Palestine,LOC,0.1,0.25,fr,2,,,,,,,,,,
Israélien,Israélien,LOC,0.09416666666666665,0.1,fr,2,,,,,,,,,,
Amazonie,Amazonie,LOC,0.18708333333333332,0.07708333333333334,fr,2,,,,,,,,,,
Sahel,Sahel,LOC,0.035,0.0875,fr,2,,,,,,,,,,
Rainbow Warrior,Rainbow Warrior,LOC,0.2275,0.0875,fr,1,,,,,,,,,,
Pará,Pará,LOC,0.2275,0.0875,fr,1,,,,,,,,,,
l’Onu,l’Onu,LOC,0.04,0.05,fr,1,,,,,,,,,,
Lille,Lille,LOC,0.046000000000000006,0.08,fr,1,,,,,,,,,,
parc des expositions de Villepinte,parc des expositions de Villepinte,LOC,0.17142857142857143,0.19285714285714284,fr,1,,,,,,,,,,
cathédrale Notre,cathédrale Notre,LOC,0.062,0.02,fr,1,,,,,,,,,,
musée-mémorial du Terrorisme,musée-mémorial du Terrorisme,LOC,0.13999999999999999,0.10000000000000002,fr,1,,,,,,,,,,
Croix,Croix,LOC,0.19999999999999998,0.26666666666666666,fr,1,,,,,,,,,,
cur »,cur »,LOC,-0.2416666666666667,0.34166666666666673,fr,1,,,,,,,,,,
llamará Landcros,llamará Landcros,LOC,0.08,0.2,fr,1,,,,,,,,,,
Isèr,Isèr,LOC,0.0625,0.19999999999999998,fr,1,,,,,,,,,,
Entretien,Entretien,LOC,0.26666666666666666,0.16666666666666666,fr,1,,,,,,,,,,
4 ,4 ,LOC,0.17142857142857143,0.19285714285714284,fr,1,,,,,,,,,,
Villepinte,Villepinte,LOC,0.17142857142857143,0.19285714285714284,fr,1,,,,,,,,,,
Vostotchny,Vostotchny,LOC,0.08812500000000001,0.2,fr,1,,,,,,,,,,
Seine,Seine,LOC,0.17142857142857143,0.19285714285714284,fr,1,,,,,,,,,,
Mayas,Mayas,LOC,0.09666666666666666,0.11666666666666665,fr,1,,,,,,,,,,
Bourget,Bourget,LOC,0.146,0.1,fr,1,,,,,,,,,,
Transalpins,Transalpins,LOC,0.03846153846153846,0.1692307692307692,fr,1,,,,,,,,,,
Facher,Facher,LOC,0.025333333333333326,0.20666666666666667,fr,1,,,,,,,,,,
Mondial,Mondial,LOC,-0.09571428571428571,0.07857142857142858,fr,1,,,,,,,,,,
Barça,Barça,LOC,-0.09571428571428571,0.07857142857142858,fr,1,,,,,,,,,,
Yourtes,Yourtes,LOC,-0.12333333333333334,0.2833333333333333,fr,1,,,,,,,,,,
Tel Aviv,Tel Aviv,LOC,0.11166666666666668,0.15,fr,1,,,,,,,,,,
palais romain du Quirinal,palais romain du Quirinal,LOC,0.17333333333333334,0.1111111111111111,fr,1,,,,,,,,,,
mont Herzl,mont Herzl,LOC,-0.045,0.186,fr,1,,,,,,,,,,
CH4,CH4,LOC,0.1741,0.22300000000000003,fr,1,,,,,,,,,,
11eme ,11eme ,LOC,0.27,0.26,fr,1,,,,,,,,,,
10eme ,10eme ,LOC,0.27,0.26,fr,1,,,,,,,,,,
Daech,Daech,LOC,0.27,0.26,fr,1,,,,,,,,,,
Eglise,Eglise,LOC,0.09000000000000001,0.20714285714285716,fr,1,,,,,,,,,,
Eupen,Eupen,LOC,-0.014000000000000002,0.4,fr,1,,,,,,,,,,
Genk,Genk,LOC,-0.014000000000000002,0.4,fr,1,,,,,,,,,,
Sambre,Sambre,LOC,0.1597222222222222,0.12777777777777777,fr,1,,,,,,,,,,
Bruxelloises Nathalie,Bruxelloises Nathalie,LOC,0.1597222222222222,0.12777777777777777,fr,1,,,,,,,,,,
Parlement kazakh,Parlement kazakh,LOC,0.065,0.08124999999999999,fr,1,,,,,,,,,,
Etats-Unis,Etats-Unis,LOC,0.10900000000000001,0.14000000000000004,fr,1,,,,,,,,,,
Pays de Galles BBC 2,Pays de Galles BBC 2,LOC,0.12999999999999998,0.15714285714285717,fr,1,,,,,,,,,,
Xeme arrondissement,Xeme arrondissement,LOC,0.27,0.26,fr,1,,,,,,,,,,
RTBFSix,RTBFSix,LOC,0.024900000000000002,0.17,fr,1,,,,,,,,,,
Française,Française,LOC,0.16428571428571428,0.17142857142857146,fr,1,,,,,,,,,,
Courtois,Courtois,LOC,0.06428571428571428,0.08571428571428572,fr,1,,,,,,,,,,
Raskin,Raskin,LOC,0.18000000000000002,0.11666666666666665,fr,1,,,,,,,,,,
Vanaken,Vanaken,LOC,0.18000000000000002,0.11666666666666665,fr,1,,,,,,,,,,
Trossard,Trossard,LOC,0.18000000000000002,0.11666666666666665,fr,1,,,,,,,,,,
Doku,Doku,LOC,0.18000000000000002,0.11666666666666665,fr,1,,,,,,,,,,
De Ketelaere,De Ketelaere,LOC,0.18000000000000002,0.11666666666666665,fr,1,,,,,,,,,,
pays de Galles,pays de Galles,LOC,0.11666666666666665,0.20833333333333334,fr,1,,,,,,,,,,
micro de VTM,micro de VTM,LOC,-0.11600000000000002,0.22000000000000003,fr,1,,,,,,,,,,
X,X,LOC,0.27,0.26,fr,1,,,,,,,,,,
Xinjiang,Xinjiang,LOC,0.13199999999999998,0.205,fr,1,,,,,,,,,,
Santa Marta,Santa Marta,LOC,0.043750000000000004,0.11250000000000002,fr,1,,,,,,,,,,
lÉtat de Palestine,lÉtat de Palestine,LOC,0.1,0.25,fr,1,,,,,,,,,,
Canaries,Canaries,LOC,-0.03454545454545455,0.1909090909090909,fr,1,,,,,,,,,,
Caucase,Caucase,LOC,0.2557142857142857,0.15714285714285717,fr,1,,,,,,,,,,
Los Angeles,Los Angeles,LOC,-0.056666666666666664,0.31666666666666665,fr,1,,,,,,,,,,
Européens,Européens,LOC,0.051250000000000004,0.10625,fr,1,,,,,,,,,,
Vieux Continent,Vieux Continent,LOC,0.051250000000000004,0.10625,fr,1,,,,,,,,,,
G-2 ,G-2 ,LOC,0.07428571428571429,0.19999999999999998,fr,1,,,,,,,,,,
Unis ,Unis ,LOC,0.07428571428571429,0.19999999999999998,fr,1,,,,,,,,,,
Liverpool,Liverpool,LOC,0.24999999999999997,0.2875,fr,1,,,,,,,,,,
Getafe,Getafe,LOC,-0.015,-0.035,fr,1,,,,,,,,,,
Élysée,Élysée,LOC,0.1,0.25,fr,1,,,,,,,,,,
"l'""Année sainte","l'""Année sainte",LOC,0.40125000000000005,0.325,fr,1,,,,,,,,,,
Ouïghours,Ouïghours,LOC,0.13199999999999998,0.205,fr,1,,,,,,,,,,
skippeuse,skippeuse,LOC,0.17166666666666666,0.15,fr,1,,,,,,,,,,
La Rochelle,La Rochelle,LOC,0.17166666666666666,0.15,fr,1,,,,,,,,,,
Belém,Belém,LOC,0.3475,0.475,fr,1,,,,,,,,,,
COP30 souvre,COP30 souvre,LOC,0.3475,0.475,fr,1,,,,,,,,,,
Annee sainte,Annee sainte,LOC,0.24272727272727276,0.4090909090909091,fr,1,,,,,,,,,,
Wall Street,Wall Street,LOC,0.11000000000000001,0.2,fr,1,,,,,,,,,,
Boston,Boston,LOC,0.08142857142857142,0.12857142857142856,fr,1,,,,,,,,,,
COP30 ,COP30 ,LOC,0.017499999999999988,0.1,fr,1,,,,,,,,,,
Equateur,Equateur,LOC,0.10142857142857144,0.03571428571428571,fr,1,,,,,,,,,,
Odessa,Odessa,LOC,-0.16142857142857145,0.21428571428571427,fr,1,,,,,,,,,,
Lex,Lex,LOC,0.062,0.02,fr,1,,,,,,,,,,
Affaires étrangères de pays musulmans,Affaires étrangères de pays musulmans,LOC,-0.2,0.3,fr,1,,,,,,,,,,
Maritime,Maritime,LOC,-0.18000000000000002,-0.20000000000000004,fr,1,,,,,,,,,,
Nada,Nada,LOC,0.06833333333333334,0.20000000000000004,fr,1,,,,,,,,,,
Eglise -anglicane- d'Angleterre,Eglise -anglicane- d'Angleterre,LOC,0.1622222222222222,0.2111111111111111,fr,1,,,,,,,,,,
Cour suprême,Cour suprême,LOC,0.11914285714285712,0.3228571428571429,fr,1,,,,,,,,,,
Zinder,Zinder,LOC,0.035,0.0875,fr,1,,,,,,,,,,
La Bretagne,La Bretagne,LOC,-0.06375000000000003,0.60625,fr,1,,,,,,,,,,
Corse,Corse,LOC,-0.06375000000000003,0.60625,fr,1,,,,,,,,,,
Météo,Météo,LOC,-0.06375000000000003,0.60625,fr,1,,,,,,,,,,
samuse,samuse,LOC,0.054000000000000006,0.16,fr,1,,,,,,,,,,
Église anglicane,Église anglicane,LOC,0.2783333333333333,0.18333333333333335,fr,1,,,,,,,,,,
Cisjordanie »,Cisjordanie »,LOC,0.08,0.1,fr,1,,,,,,,,,,
Hexagone,Hexagone,LOC,0.061111111111111116,0.13333333333333333,fr,1,,,,,,,,,,
San Francisco,San Francisco,LOC,0.16399999999999998,0.12,fr,1,,,,,,,,,,
quen,quen,LOC,0.2562857142857143,0.07285714285714286,fr,1,,,,,,,,,,
Ladministration,Ladministration,LOC,0.16399999999999998,0.12,fr,1,,,,,,,,,,
océan Pacifique,océan Pacifique,LOC,0.03,0.18571428571428575,fr,1,,,,,,,,,,
Amériques,Amériques,LOC,0.12666666666666668,0.13333333333333333,fr,1,,,,,,,,,,
Américains,Américains,LOC,0.017272727272727273,0.05909090909090909,fr,1,,,,,,,,,,
Lola,Lola,LOC,0.0,0.085,fr,1,,,,,,,,,,
l'Asie du Nord,l'Asie du Nord,LOC,0.005000000000000002,0.15,fr,1,,,,,,,,,,
basilique vaticane,basilique vaticane,LOC,0.146,0.08,fr,1,,,,,,,,,,
Café L’Or,Café L’Or,LOC,0.12,0.27499999999999997,fr,1,,,,,,,,,,
Le Havre,Le Havre,LOC,0.12,0.27499999999999997,fr,1,,,,,,,,,,
Port-la-Forêt,Port-la-Forêt,LOC,0.12,0.27499999999999997,fr,1,,,,,,,,,,
aéroport militaire de Ciampino,aéroport militaire de Ciampino,LOC,0.1622222222222222,0.2111111111111111,fr,1,,,,,,,,,,
anglicane,anglicane,LOC,0.195,0.08,fr,1,,,,,,,,,,
Hispaniola,Hispaniola,LOC,0.019999999999999973,0.5,fr,1,,,,,,,,,,
Premier Empire,Premier Empire,LOC,0.0775,0.15000000000000002,fr,1,,,,,,,,,,
Virginia Contreras ,Virginia Contreras ,LOC,0.0075,0.1,fr,1,,,,,,,,,,
le Pentagone,le Pentagone,LOC,0.0075,0.1,fr,1,,,,,,,,,,
New York,New York,LOC,0.08714285714285715,0.14285714285714285,fr,1,,,,,,,,,,
TRIBALLEAU,TRIBALLEAU,LOC,0.08714285714285715,0.14285714285714285,fr,1,,,,,,,,,,
Nos pralines,Nos pralines,LOC,0.21833333333333335,0.3166666666666667,fr,1,,,,,,,,,,
Ritz,Ritz,LOC,0.21833333333333335,0.3166666666666667,fr,1,,,,,,,,,,
Terres australes et antarctiques françaises,Terres australes et antarctiques françaises,LOC,0.002999999999999997,0.1,fr,1,,,,,,,,,,
Toussai,Toussai,LOC,0.09333333333333332,0.3,fr,1,,,,,,,,,,
Hacquegnies,Hacquegnies,LOC,0.0775,0.15000000000000002,fr,1,,,,,,,,,,
Pompéi,Pompéi,LOC,0.0775,0.15000000000000002,fr,1,,,,,,,,,,
Buonaparte,Buonaparte,LOC,0.0775,0.15000000000000002,fr,1,,,,,,,,,,
Nantes,Nantes,LOC,-0.05909090909090908,0.18636363636363634,fr,1,,,,,,,,,,
Jabaliya,Jabaliya,LOC,-0.011428571428571425,-0.015714285714285712,fr,1,,,,,,,,,,
Hamama,Hamama,LOC,-0.011428571428571425,-0.015714285714285712,fr,1,,,,,,,,,,
Rafah,Rafah,LOC,-0.06666666666666667,0.03333333333333333,fr,1,,,,,,,,,,
Larmée,Larmée,LOC,-0.1,0.05,fr,1,,,,,,,,,,
lessentiel,lessentiel,LOC,0.016666666666666666,0.12222222222222223,fr,1,,,,,,,,,,
Lheure,Lheure,LOC,-0.012499999999999997,0.365,fr,1,,,,,,,,,,
Kalandia,Kalandia,LOC,-0.03428571428571429,0.04142857142857143,fr,1,,,,,,,,,,
Amérique centrale,Amérique centrale,LOC,0.07285714285714286,0.17142857142857146,fr,1,,,,,,,,,,
parc national Laguna del Tigre,parc national Laguna del Tigre,LOC,0.07285714285714286,0.17142857142857146,fr,1,,,,,,,,,,
parc national de Laguna del Tigre,parc national de Laguna del Tigre,LOC,0.07285714285714286,0.17142857142857146,fr,1,,,,,,,,,,
Finistère,Finistère,LOC,0.12,0.27499999999999997,fr,1,,,,,,,,,,
Retraites,Retraites,LOC,0.07166666666666667,0.16666666666666666,fr,1,,,,,,,,,,
Charente,Charente,LOC,-0.18000000000000002,-0.20000000000000004,fr,1,,,,,,,,,,
Emirats arabes unis,Emirats arabes unis,LOC,0.024999999999999994,0.23333333333333336,fr,1,,,,,,,,,,
Ulm,Ulm,LOC,0.17733333333333332,0.23500000000000001,fr,1,,,,,,,,,,
Barcelone,Barcelone,LOC,0.17733333333333332,0.23500000000000001,fr,1,,,,,,,,,,
basilique espagn,basilique espagn,LOC,0.17733333333333332,0.23500000000000001,fr,1,,,,,,,,,,
Bobigny,Bobigny,LOC,0.1,0.1,fr,1,,,,,,,,,,
Celles,Celles,LOC,0.28875,0.2625,fr,1,,,,,,,,,,
soleil,soleil,LOC,0.28875,0.2625,fr,1,,,,,,,,,,
CA,CA,LOC,0.23500000000000001,3.141666666666666,fr,1,,,,,,,,,,
Camalo,Camalo,LOC,0.23500000000000001,3.141666666666666,fr,1,,,,,,,,,,
Montagne,Montagne,LOC,0.06666666666666667,0.3666666666666667,fr,1,,,,,,,,,,
Donetsk,Donetsk,LOC,0.06375,0.13812500000000003,fr,1,,,,,,,,,,
Sabines ,Sabines ,LOC,0.148,0.16,fr,1,,,,,,,,,,
AP,AP,LOC,0.043750000000000004,0.16875,fr,1,,,,,,,,,,
David,David,LOC,0.148,0.16,fr,1,,,,,,,,,,
Wallis-et-Futuna,Wallis-et-Futuna,LOC,0.148,0.16,fr,1,,,,,,,,,,
Terres australes et antarctiques,Terres australes et antarctiques,LOC,0.148,0.16,fr,1,,,,,,,,,,
Darfour,Darfour,LOC,-0.15,0.29000000000000004,fr,1,,,,,,,,,,
Planète !,Planète !,LOC,0.04875000000000001,0.21458333333333335,fr,1,,,,,,,,,,
Rotterdam,Rotterdam,LOC,0.31000000000000005,0.35,fr,1,,,,,,,,,,
Israéliens,Israéliens,LOC,0.10833333333333332,0.11666666666666668,fr,1,,,,,,,,,,
Monde »,Monde »,LOC,0.10833333333333332,0.11666666666666668,fr,1,,,,,,,,,,
Oléron,Oléron,LOC,-0.18000000000000002,-0.20000000000000004,fr,1,,,,,,,,,,
île d'Oléron,île d'Oléron,LOC,-0.18000000000000002,-0.20000000000000004,fr,1,,,,,,,,,,
Cologne,Cologne,LOC,0.17733333333333332,0.23500000000000001,fr,1,,,,,,,,,,
port de Cobh,port de Cobh,LOC,0.04285714285714286,0.22285714285714286,fr,1,,,,,,,,,,
Liégeois,Liégeois,LOC,0.010681818181818183,0.2372727272727273,fr,1,,,,,,,,,,
New Hope,New Hope,LOC,0.23571428571428577,0.45142857142857146,fr,1,,,,,,,,,,
La Défense Arena de Nanterre,La Défense Arena de Nanterre,LOC,0.0625,0.24583333333333332,fr,1,,,,,,,,,,
Emmanuel,Emmanuel,LOC,0.3466666666666667,0.4466666666666666,fr,1,,,,,,,,,,
Dijon,Dijon,LOC,0.3466666666666667,0.4466666666666666,fr,1,,,,,,,,,,
Fréjus,Fréjus,LOC,0.3466666666666667,0.4466666666666666,fr,1,,,,,,,,,,
Toulon,Toulon,LOC,0.3466666666666667,0.4466666666666666,fr,1,,,,,,,,,,
Bayonne,Bayonne,LOC,0.3466666666666667,0.4466666666666666,fr,1,,,,,,,,,,
Evoluant,Evoluant,LOC,0.22999999999999998,0.6266666666666667,fr,1,,,,,,,,,,
finde,finde,LOC,-0.15000000000000002,0.325,fr,1,,,,,,,,,,
Terre française,Terre française,LOC,-0.041999999999999996,0.195,fr,1,,,,,,,,,,
Petites Antilles,Petites Antilles,LOC,0.1242857142857143,0.17142857142857143,fr,1,,,,,,,,,,
la Défense,la Défense,LOC,-0.06249999999999999,0.15,fr,1,,,,,,,,,,
comté de Cork,comté de Cork,LOC,0.04285714285714286,0.22285714285714286,fr,1,,,,,,,,,,
Arco,Arco,LOC,0.22285714285714286,0.25000000000000006,fr,1,,,,,,,,,,
Gobelins,Gobelins,LOC,0.22285714285714286,0.25000000000000006,fr,1,,,,,,,,,,
Loire,Loire,LOC,0.4,0.8,fr,1,,,,,,,,,,
Vesoul,Vesoul,LOC,-0.1125,0.225,fr,1,,,,,,,,,,
Haute,Haute,LOC,-0.1125,0.225,fr,1,,,,,,,,,,
Saône,Saône,LOC,-0.1125,0.225,fr,1,,,,,,,,,,
île de Gorée,île de Gorée,LOC,-0.09166666666666667,0.13333333333333333,fr,1,,,,,,,,,,
kibboutz Beeri,kibboutz Beeri,LOC,-0.05833333333333333,0.15,fr,1,,,,,,,,,,
Habitations,Habitations,LOC,0.12499999999999999,0.0625,fr,1,,,,,,,,,,
Cork,Cork,LOC,0.04285714285714286,0.22285714285714286,fr,1,,,,,,,,,,
République tchèque,République tchèque,LOC,0.075,0.15833333333333333,fr,1,,,,,,,,,,
